id,station,year,wood,hsba,hstot,hspayn,hspa,cancov,moisture,decrate,bg,lap,per,po,ap,insect
1,1,one,control,0,0,no,0,65.065,0.399762797,0,213,1.620223677,1.173187954,1.906655584,5.789350634,NA
2,2,one,control,0.980488678,3,yes,1,66.35136364,0.442612164,0.023791658,133.4926,0.292690608,2.856733845,0.235814948,6.835583611,NA
3,3,one,control,0.877044412,4,yes,1,66.48409091,0.387638239,0.010697391,266.3524565,0.358988169,0,0.047878936,61.79788415,NA
4,4,one,control,0,0,no,0,65.41363636,0.393630737,0.007076099,96.265,0.356841486,1.736487585,1.817162245,99.64325255,NA
5,5,one,control,0.171526249,3,yes,1,64.60136364,0.448194879,0,146.0961,NA,2.668261412,2.121439597,79.74535613,NA
6,6,one,control,0.779328077,7,yes,1,67.03681818,0.413895613,0,178.8975,NA,0,5.165108051,208.3423886,NA
7,7,one,control,0.039759609,2,yes,1,68.20727273,0.423130221,0,161.4425,NA,4.322159953,0.301592552,87.42220686,NA
8,8,one,control,1.057711831,8,yes,1,67.61227273,0.486227946,0.016381956,537.79,1.310366071,0.586593977,3.101839124,247.5427245,NA
9,9,one,control,0.645138527,3,yes,1,65.1885,0.588119614,0.01255324,338.523,1.254788593,0,10.13198836,516.0617012,NA
10,10,one,control,0,0,no,0,69.44727273,0.446110147,0.009734725,164.234,1.240409267,1.696251897,2.55682469,79.35522732,NA
11,11,one,control,0,0,no,0,69.59318182,0.359351171,0,137.82,1.166641662,1.173187954,2.59888656,94.66268594,NA
12,12,one,control,0,0,no,0,68.80863636,0.473876324,0.002604105,294.4986,1.737941043,2.856733845,2.216750003,203.2616043,NA
13,13,one,control,0.378264874,2,yes,1,67.59681818,0.544291963,0.020288576,307.0566129,2.393590932,0,8.158212768,195.4681163,NA
14,14,one,control,0,0,no,0,68.85863636,0.547597314,0.01402738,564.5124,3.674428093,1.736487585,6.682915077,315.3869986,NA
15,15,one,control,0,0,no,0,68.14590909,0.496447228,0,471.411,2.076326924,2.668261412,4.142199188,374.6919384,NA
16,16,one,control,0.327749554,6,yes,1,66.12136364,0.578962307,0,590.9,2.826714518,1.920724683,7.795764746,244.9275004,NA
17,17,one,control,2.25307521,4,yes,1,64.36181818,0.539151976,0,352.3842,0.292690608,0,1.764361175,286.5368437,NA
18,18,one,control,3.583270296,4,yes,1,59.46090909,0.556359753,0,406.4352,0.358988169,1.346836713,0.042509336,63.67479253,NA
19,19,one,control,4.79472801,6,yes,1,66.61954545,0.550216345,0,502.8731,0.356841486,2.988029248,0.092625606,340.1426349,NA
20,20,one,control,2.247093156,4,yes,1,61.34227273,0.59680836,0,197.6043,0.608139926,1.645427871,0.64300964,366.2655602,NA
21,21,one,control,1.190771264,6,yes,1,66.48727273,0.335458237,0,318.1978,0.828112671,0,NA,481.2559491,NA
22,22,one,control,2.879873388,11,yes,1,68.28136364,0.391578776,0,130.3203335,0.038658601,2.64073173,1.385356885,197.397425,NA
23,23,one,control,7.153976696,9,yes,1,69.37681818,0.511645764,0,265.2338809,1.243246463,1.414602082,0.43314776,359.2730825,NA
24,24,one,control,8.831770859,5,yes,1,68.95727273,0.471274514,0,246.6572538,2.32083441,0,0.937890191,152.5517163,NA
25,25,one,control,1.116145118,8,yes,1,65.09363636,0.624541433,0.002050941,274.8493623,5.340670024,3.508975523,0.930730724,378.4553308,NA
26,26,one,control,1.403387029,4,yes,1,64.83636364,0.575180664,0,105.3203836,0.734031466,0,2.925537246,256.4332803,NA
27,27,one,control,1.132637046,10,yes,1,65.72090909,0.393130746,0,134.6560536,0.324267318,2.176962485,0.240737081,244.99729,NA
28,28,one,control,0.559981297,5,yes,1,65.6335,0.432560548,0,91.98106201,1.059507186,0.99530386,0.517271498,142.6856369,NA
29,29,one,control,0.235277756,3,yes,1,67.52318182,0.402536073,0,109.8400322,NA,0,2.015837457,233.3387534,NA
30,30,one,control,0.69888776,3,yes,1,68.06,0.313130175,0,171.1772454,NA,0,2.123229464,202.2488756,NA
31,31,one,control,1.576945823,3,yes,1,67.54,0.474895229,0,337.0405556,NA,0,4.062550116,408.8018491,NA
32,32,one,control,0.367442406,1,yes,1,67.99409091,0.400163867,0,593.7612609,3.073055186,0.093177383,1.545549962,395.5022489,NA
33,33,one,control,6.032632071,4,yes,1,64.99727273,0.473262787,0,413.8869325,4.026465141,1.27271834,0.332467754,220.8765507,NA
34,34,one,control,1.710999126,3,yes,1,68.22636364,0.475923258,0,828.3653922,1.540175447,3.367091781,0.617056571,209.7798454,NA
35,35,one,control,7.061308392,4,yes,1,67.13545455,0.653290669,0.097430965,315.671998,2.82662577,1.704722569,2.60828336,412.5686394,NA
36,36,one,control,0,0,no,0,66.06181818,0.458804177,0,180.7228561,3.18243838,0,1.115087002,237.5972192,NA
37,37,one,control,5.527790468,1,yes,1,63.43954545,0.488237923,0,172.6169999,2.730757592,0.79412542,0.11499894,278.857267,NA
38,38,one,control,0.340297539,4,yes,1,62.229,0.513575375,0.00664267,803.6175019,1.831017962,0,5.090828579,393.984358,NA
39,39,one,control,1.03054571,2,yes,1,62.133,0.50717146,0.013076831,229.8492832,1.140519884,0,1.825216645,215.2096066,NA
40,40,one,control,20.58009295,1,yes,1,63.02,0.567287975,0,741.9728183,2.577093431,0.343062182,3.435649278,193.9529221,NA
41,1,one,insect,0,0,no,0,65.065,0.382888005,0,118.2995148,0.492364375,1.67507522,5.834518225,253.8445639,0
42,2,one,insect,0.980488678,3,yes,1,66.35136364,0.427058123,0.035491193,153.8989902,0.058235679,0,2.645870563,201.4158743,0
43,3,one,insect,0.877044412,4,yes,1,66.48409091,0.343788835,0,260.6586457,1.579765749,0,5.284134191,372.6617404,0
44,4,one,insect,0,0,no,0,65.41363636,0.376671277,0.013407707,85.6515668,0.703348256,2.678849751,0.447019227,47.49909011,0
45,5,one,insect,0.171526249,3,yes,1,64.60136364,0.359687187,0,97.89741938,1.04088588,2.02872574,1.398780886,121.8920605,0
46,6,one,insect,0.779328077,7,yes,1,67.03681818,0.482238011,0.013740046,196.461418,1.015383657,0,5.833623292,181.0351999,0
47,7,one,insect,0.039759609,2,yes,1,68.20727273,0.327490775,0.001521753,103.2240133,0.690216576,0,2.644975629,114.409619,1
48,8,one,insect,1.057711831,8,yes,1,67.61227273,0.383752244,0.033571626,165.8800344,1.080892041,4.341218963,5.283239258,203.2450689,0
49,9,one,insect,0.645138527,3,yes,1,65.1885,0.54266113,0,206.4209656,1.190477226,0.364238859,4.090740518,249.4190759,1
50,10,one,insect,0,0,no,0,69.44727273,0.408027879,0,160.1857087,0.704826035,0,2.32951161,175.7229249,0
51,11,one,insect,0,0,no,0,69.59318182,0.513557988,0,137.1607919,1.849751833,0,6.138795577,177.4605,0
52,12,one,insect,0,0,no,0,68.80863636,0.48857505,0.017684811,557.5893784,3.133108005,0,8.42963328,179.5089647,0
53,13,one,insect,0.378264874,2,yes,1,67.59681818,0.637509355,0.037257075,496.0747545,2.50904748,0,7.302208982,271.0602706,0
54,14,one,insect,0,0,no,0,68.85863636,0.42476018,0,234.2482446,1.461800764,1.378601729,6.099865975,311.198032,1
55,15,one,insect,0,0,no,0,68.14590909,0.608727383,0.026726688,595.5818699,2.258104433,0,6.108666153,394.0811808,0
56,16,one,insect,0.327749554,6,yes,1,66.12136364,0.612429444,0.050645199,329.4642687,2.219416594,1.183776293,2.902358472,204.2926036,1
57,17,one,insect,2.25307521,4,yes,1,64.36181818,0.620969023,0.020012768,315.8961833,1.519210345,0.09529505,1.349112083,650.3897269,1
58,18,one,insect,3.583270296,4,yes,1,59.46090909,0.611422139,0,435.0776157,0.854005852,1.10965792,2.241360671,231.4641395,1
59,19,one,insect,4.79472801,6,yes,1,66.61954545,0.632568689,0.027357851,413.6198455,0.729237374,0,2.422201139,255.9005339,0
60,20,one,insect,2.247093156,4,yes,1,61.34227273,0.634860721,0,402.9348532,0.467220018,1.503544129,2.630656695,438.0162967,0
61,21,one,insect,1.190771264,6,yes,1,66.48727273,0.411250844,0,639.7359509,2.09348702,0,8.427438562,681.1969654,0
62,22,one,insect,2.879873388,11,yes,1,68.28136364,0.358901088,0,361.074726,2.431595696,0.654359346,3.793303014,742.4329118,0
63,23,one,insect,7.153976696,9,yes,1,69.37681818,0.493745343,0,801.1691699,4.729597232,0.336709178,2.917035379,490.3473136,0
64,24,one,insect,8.831770859,5,yes,1,68.95727273,0.538180693,0,738.6779581,3.885008113,0,7.118747637,275.8568404,0
65,25,one,insect,1.116145118,8,yes,1,65.09363636,0.51733253,0,400.9676987,2.951977374,0,1.800158511,379.088423,0
66,26,one,insect,1.403387029,4,yes,1,64.83636364,0.577126721,0,361.5712854,2.923580961,0.444710235,9.612777835,383.2611668,1
67,27,one,insect,1.132637046,10,yes,1,65.72090909,0.476454294,0,409.3003537,2.354909474,1.480249783,4.767757626,321.8185962,1
68,28,one,insect,0.559981297,5,yes,1,65.6335,0.447688933,0,130.1467124,1.484817905,0.173648759,2.348752678,361.2745098,0
69,29,one,insect,0.235277756,3,yes,1,67.52318182,0.439094733,0.003488923,252.0193904,2.557408327,2.954146563,5.548587008,300.4698771,0
70,30,one,insect,0.69888776,3,yes,1,68.06,0.45,0,208.1157665,0.974968364,0,3.589130354,286.06624,1
71,31,one,insect,1.576945823,3,yes,1,67.54,0.562482834,0.005741501,396.6478298,0.961156982,3.843567034,4.718983757,624.7537082,0
72,32,one,insect,0.367442406,1,yes,1,67.99409091,0.506123094,0,462.6334072,1.137148283,0,,748.2897941,0
73,33,one,insect,6.032632071,4,yes,1,64.99727273,0.508472821,0,443.7294136,2.574236848,1.063069229,10.60093345,558.0750498,0
74,34,one,insect,1.710999126,3,yes,1,68.22636364,0.441847727,0.004834056,105.6015728,1.090951971,0,7.762843982,238.6529548,0
75,35,one,insect,7.061308392,4,yes,1,67.13545455,0.36651702,0.000908229,398.2401292,2.018113095,0,7.204213776,334.6494786,1
76,36,one,insect,0,0,no,0,66.06181818,0.499411492,0.004175906,262.2579709,1.959742922,0,2.638902867,277.2421784,0
77,37,one,insect,5.527790468,1,yes,1,63.43954545,0.5034243,0,188.8360482,2.265698982,0,7.558159931,369.4539469,0
78,38,one,insect,0.340297539,4,yes,1,62.229,0.440310827,0.000439201,265.7994011,0.61676719,1.224011981,7.723722608,237.2135803,1
79,39,one,insect,1.03054571,2,yes,1,62.133,0.427274017,0.008099821,226.281456,2.866922277,0.518828608,6.470815864,382.7664106,0
80,40,one,insect,20.58009295,1,yes,1,63.02,0.583557036,0.038237031,669.0986363,4.052583603,0.770831074,10.29916191,292.3514577,1
81,1,one,oak,0,0,no,0,65.065,0.439762291,0.245603378,458.0123722,1.807054693,0.53576995,9.139507228,728.6152869,NA
82,2,one,oak,0.980488678,3,yes,1,66.35136364,0.197123467,0,67.8238458,0.684835953,0,1.417574487,579.5813043,NA
83,3,one,oak,0.877044412,4,yes,1,66.48409091,0.182548117,0,64.55029383,0.417900376,0,0.447914161,822.438069,NA
84,4,one,oak,0,0,no,0,65.41363636,0.213151927,0,142.0188562,0.302136706,0,8.642627426,237.2279763,NA
85,5,one,oak,0.171526249,3,yes,1,64.60136364,0.192629111,0,80.4129744,0.318389775,3.235796379,8.210566371,343.0020559,NA
86,6,one,oak,0.779328077,7,yes,1,67.03681818,0.186324276,0,103.06207,0.663279328,0,5.746750829,765.5630552,NA
87,7,one,oak,0.039759609,2,yes,1,68.20727273,0.302136554,0,221.0585613,1.82908943,2.318846227,7.26327938,319.3026218,NA
88,8,one,oak,1.057711831,8,yes,1,67.61227273,0.246799765,0,115.6176393,1.30745017,0,9.817550236,480.2497966,NA
89,9,one,oak,0.645138527,3,yes,1,65.1885,0.463581113,0,265.1255228,3.617543722,0,9.150395584,285.6809256,NA
90,10,one,oak,0,0,no,0,69.44727273,0.311635768,0,62.73261367,0.336341338,0,0.841535696,246.1916194,NA
91,11,one,oak,0,0,no,0,69.59318182,0.253029837,0,105.6646915,1.122498125,0,4.865454521,289.6551724,NA
92,12,one,oak,0,0,no,0,68.80863636,0.320330083,0,141.3453261,0.329932147,0,4.594513438,433.8280227,NA
93,13,one,oak,0.378264874,2,yes,1,67.59681818,0.541221269,0.053680718,408.5775969,1.378529601,0.044471024,10.30975196,241.5216586,NA
94,14,one,oak,0,0,no,0,68.85863636,0.417742981,0.000875354,317.897291,0.745131375,0,4.620093617,629.0139455,NA
95,15,one,oak,0,0,no,0,68.14590909,0.469104363,0.023983406,365.5771587,2.531057226,0,3.729903376,638.7099428,NA
96,16,one,oak,0.327749554,6,yes,1,66.12136364,0.43902566,0.059536723,795.5863355,3.759837401,0,12.85920836,230.6504629,NA
97,17,one,oak,2.25307521,4,yes,1,64.36181818,0.365137511,0.009646715,245.7541375,0.557700555,0,12.74039104,331.6703724,NA
98,18,one,oak,3.583270296,4,yes,1,59.46090909,0.509398335,0.026580312,458.3261816,1.964823438,0.489181259,14.0356878,330.6097324,NA
99,19,one,oak,4.79472801,6,yes,1,66.61954545,0.394815737,0.012738466,105.2055993,0.951432017,1.296012686,9.468007444,444.2997214,NA
100,20,one,oak,2.247093156,4,yes,1,61.34227273,0.335707825,0,139.5133068,1.694990541,0,15.11005533,697.6538422,NA
101,21,one,oak,1.190771264,6,yes,1,66.48727273,0.214893865,0,65.3019431,0.172397663,0,6.898951997,597.3640672,NA
102,22,one,oak,2.879873388,11,yes,1,68.28136364,0.31661195,0.04587205,494.4765895,3.550463297,0,6.702424625,409.0479374,NA
103,23,one,oak,7.153976696,9,yes,1,69.37681818,0.274326051,0,75.03760206,0.494014187,2.62167272,1.640860367,234.4299011,NA
104,24,one,oak,8.831770859,5,yes,1,68.95727273,0.352639916,0,95.36599341,0.69031246,0,1.473507824,421.751018,NA
105,25,one,oak,1.116145118,8,yes,1,65.09363636,0.438299378,0.024046418,169.6942163,0.350319011,1.520485471,0.990243794,443.7550902,NA
106,26,one,oak,1.403387029,4,yes,1,64.83636364,0.328385155,0,140.8251756,0.611169138,0,3.47592128,614.2382284,NA
107,27,one,oak,1.132637046,10,yes,1,65.72090909,0.41948366,0.076926709,233.8871403,1.696106351,1.908018676,1.274832612,312.8856999,NA
108,28,one,oak,0.559981297,5,yes,1,65.6335,0.384098309,0,63.21321759,0.024308586,2.155785807,0.989796327,152.6041905,NA
109,29,one,oak,0.235277756,3,yes,1,67.52318182,0.276205422,0,31.94764081,0.138897447,0,0.514139232,367.1089961,NA
110,30,one,oak,0.69888776,3,yes,1,68.06,0.323575395,0,75.59476779,0.475158048,0.823772769,0.21657388,174.3570971,NA
111,31,one,oak,1.576945823,3,yes,1,67.54,0.248963177,0,104.8234438,0.303187773,1.173187954,1.811792645,450.4644459,NA
112,32,one,oak,0.367442406,1,yes,1,67.99409091,0.25572133,0,227.2638251,0.215605564,2.856733845,1.811345178,371.4784281,NA
113,33,one,oak,6.032632071,4,yes,1,64.99727273,0.315283318,0,105.5437613,0.441557558,0,0.678806975,328.9804891,NA
114,34,one,oak,1.710999126,3,yes,1,68.22636364,0.209025002,0,164.2493583,NA,1.736487585,NA,660.1154163,NA
115,35,one,oak,7.061308392,4,yes,1,67.13545455,0.557494052,0.180189774,621.510763,4.436069107,2.668261412,4.806836384,134.2334147,NA
116,36,one,oak,0,0,no,0,66.06181818,0.315249694,0,186.2886113,1.177424821,0,0.771880047,215.5092079,NA
117,37,one,oak,5.527790468,1,yes,1,63.43954545,0.297405897,0,90.31954887,0.129485818,0,0.5468043,186.214777,NA
118,38,one,oak,0.340297539,4,yes,1,62.229,0.292362195,0,180.344491,0.375768978,2.134609129,1.343295016,247.553341,NA
119,39,one,oak,1.03054571,2,yes,1,62.133,0.284158108,0,30.28665414,0.562069492,1.080010571,0.681044309,377.3157021,NA
120,40,one,oak,20.58009295,1,yes,1,63.02,0.308098224,0,427.4562374,0.051812325,3.292973409,1.399675819,973.3263064,NA
121,1,two,control,0,0,no,0,65.065,0.481082045,0.053708991,NA,NA,NA,NA,NA,NA
122,2,two,control,0.980488678,3,yes,1,66.35136364,0.388727611,0.068037158,NA,NA,NA,NA,NA,NA
123,3,two,control,0.877044412,4,yes,1,66.48409091,0.588253226,0.057453449,NA,NA,NA,NA,NA,NA
124,4,two,control,0,0,no,0,65.41363636,0.40453177,0,NA,NA,NA,NA,NA,NA
125,5,two,control,0.171526249,3,yes,1,64.60136364,0.599065035,0.106616601,NA,NA,NA,NA,NA,NA
126,6,two,control,0.779328077,7,yes,1,67.03681818,0.328194437,0.023483585,NA,NA,NA,NA,NA,NA
127,7,two,control,0.039759609,2,yes,1,68.20727273,0.562014505,0.059032451,NA,NA,NA,NA,NA,NA
128,8,two,control,1.057711831,8,yes,1,67.61227273,0.616717573,0.030485304,NA,NA,NA,NA,NA,NA
129,9,two,control,0.645138527,3,yes,1,65.1885,0.635034338,0.111688077,NA,NA,NA,NA,NA,NA
130,10,two,control,0,0,no,0,69.44727273,0.574143031,0.046888739,NA,NA,NA,NA,NA,NA
131,11,two,control,0,0,no,0,69.59318182,0.567791462,0.212678189,NA,NA,NA,NA,NA,NA
132,12,two,control,0,0,no,0,68.80863636,0.601962515,0.0613507,NA,NA,NA,NA,NA,NA
133,13,two,control,0.378264874,2,yes,1,67.59681818,0.663957842,0.052571971,NA,NA,NA,NA,NA,NA
134,14,two,control,0,0,no,0,68.85863636,0.67863739,0.113752754,NA,NA,NA,NA,NA,NA
135,15,two,control,0,0,no,0,68.14590909,0.640662952,0.025741833,NA,NA,NA,NA,NA,NA
136,16,two,control,0.327749554,6,yes,1,66.12136364,0.612466748,0.057133417,NA,NA,NA,NA,NA,NA
137,17,two,control,2.25307521,4,yes,1,64.36181818,0.664157938,0.058362244,NA,NA,NA,NA,NA,NA
138,18,two,control,3.583270296,4,yes,1,59.46090909,0.612084503,0.034305795,NA,NA,NA,NA,NA,NA
139,19,two,control,4.79472801,6,yes,1,66.61954545,0.688556319,0.075315821,NA,NA,NA,NA,NA,NA
140,20,two,control,2.247093156,4,yes,1,61.34227273,0.654657649,0.088973805,NA,NA,NA,NA,NA,NA
141,21,two,control,1.190771264,6,yes,1,66.48727273,0.390966028,0.060694561,NA,NA,NA,NA,NA,NA
142,22,two,control,2.879873388,11,yes,1,68.28136364,0.403199269,0.047558228,NA,NA,NA,NA,NA,NA
143,23,two,control,7.153976696,9,yes,1,69.37681818,0.571842526,0.029107023,NA,NA,NA,NA,NA,NA
144,24,two,control,8.831770859,5,yes,1,68.95727273,0.641729163,0.036384881,NA,NA,NA,NA,NA,NA
145,25,two,control,1.116145118,8,yes,1,65.09363636,0.677340455,0.088112511,NA,NA,NA,NA,NA,NA
146,26,two,control,1.403387029,4,yes,1,64.83636364,0.660194718,0.042997324,NA,NA,NA,NA,NA,NA
147,27,two,control,1.132637046,10,yes,1,65.72090909,0.622854463,0.072963851,NA,NA,NA,NA,NA,NA
148,28,two,control,0.559981297,5,yes,1,65.6335,0.682061281,0.075089563,NA,NA,NA,NA,NA,NA
149,29,two,control,0.235277756,3,yes,1,67.52318182,0.450018798,0.001951269,NA,NA,NA,NA,NA,NA
150,30,two,control,0.69888776,3,yes,1,68.06,0.669425359,0.101413672,NA,NA,NA,NA,NA,NA
151,31,two,control,1.576945823,3,yes,1,67.54,0.599027037,0.006223599,NA,NA,NA,NA,NA,NA
152,32,two,control,0.367442406,1,yes,1,67.99409091,0.547832635,0.032931826,NA,NA,NA,NA,NA,NA
153,33,two,control,6.032632071,4,yes,1,64.99727273,0.569483523,0.035810103,NA,NA,NA,NA,NA,NA
154,34,two,control,1.710999126,3,yes,1,68.22636364,0.626612778,0.044259594,NA,NA,NA,NA,NA,NA
155,35,two,control,7.061308392,4,yes,1,67.13545455,0.656728998,0.063611348,NA,NA,NA,NA,NA,NA
156,36,two,control,0,0,no,0,66.06181818,0.670563135,0.114944636,NA,NA,NA,NA,NA,NA
157,37,two,control,5.527790468,1,yes,1,63.43954545,0.620415711,0.046890681,NA,NA,NA,NA,NA,NA
158,38,two,control,0.340297539,4,yes,1,62.229,0.667266077,0.055773567,NA,NA,NA,NA,NA,NA
159,39,two,control,1.03054571,2,yes,1,62.133,0.600880585,0.040984553,NA,NA,NA,NA,NA,NA
160,40,two,control,20.58009295,1,yes,1,63.02,0.611011502,0.054306679,NA,NA,NA,NA,NA,NA
161,1,two,insect,0,0,no,0,65.065,0.321964376,0.093362271,NA,NA,NA,NA,NA,0
162,2,two,insect,0.980488678,3,yes,1,66.35136364,0.470481616,0.063180975,NA,NA,NA,NA,NA,0
163,3,two,insect,0.877044412,4,yes,1,66.48409091,0.490651865,0.058628735,NA,NA,NA,NA,NA,0
164,4,two,insect,0,0,no,0,65.41363636,0.550207469,0.018902229,NA,NA,NA,NA,NA,0
165,5,two,insect,0.171526249,3,yes,1,64.60136364,0.318848086,0.049910015,NA,NA,NA,NA,NA,0
166,6,two,insect,0.779328077,7,yes,1,67.03681818,0.525192919,0.104468307,NA,NA,NA,NA,NA,0
167,7,two,insect,0.039759609,2,yes,1,68.20727273,0.575385771,0.032569109,NA,NA,NA,NA,NA,0
168,8,two,insect,1.057711831,8,yes,1,67.61227273,0.553250255,0,NA,NA,NA,NA,NA,0
169,9,two,insect,0.645138527,3,yes,1,65.1885,0.642093784,0.169737317,NA,NA,NA,NA,NA,1
170,10,two,insect,0,0,no,0,69.44727273,0.562997212,0.020274499,NA,NA,NA,NA,NA,1
171,11,two,insect,0,0,no,0,69.59318182,0.659296328,0.354104801,NA,NA,NA,NA,NA,0
172,12,two,insect,0,0,no,0,68.80863636,0.610549068,0.058936964,NA,NA,NA,NA,NA,0
173,13,two,insect,0.378264874,2,yes,1,67.59681818,0.632355088,0.054463175,NA,NA,NA,NA,NA,0
174,14,two,insect,0,0,no,0,68.85863636,0.671131614,0.099005996,NA,NA,NA,NA,NA,0
175,15,two,insect,0,0,no,0,68.14590909,0.627715933,0.065873537,NA,NA,NA,NA,NA,0
176,16,two,insect,0.327749554,6,yes,1,66.12136364,0.60002588,0.135408726,NA,NA,NA,NA,NA,0
177,17,two,insect,2.25307521,4,yes,1,64.36181818,0.683520286,0.071092417,NA,NA,NA,NA,NA,0
178,18,two,insect,3.583270296,4,yes,1,59.46090909,0.674476213,0.067734619,NA,NA,NA,NA,NA,0
179,19,two,insect,4.79472801,6,yes,1,66.61954545,0.614879169,0,NA,NA,NA,NA,NA,0
180,20,two,insect,2.247093156,4,yes,1,61.34227273,0.663229855,0.047410795,NA,NA,NA,NA,NA,0
181,21,two,insect,1.190771264,6,yes,1,66.48727273,0.420964594,0.045848743,NA,NA,NA,NA,NA,0
182,22,two,insect,2.879873388,11,yes,1,68.28136364,0.334942034,0.03740033,NA,NA,NA,NA,NA,0
183,23,two,insect,7.153976696,9,yes,1,69.37681818,0.615778305,0.065977748,NA,NA,NA,NA,NA,0
184,24,two,insect,8.831770859,5,yes,1,68.95727273,0.573825949,0.030105374,NA,NA,NA,NA,NA,0
185,25,two,insect,1.116145118,8,yes,1,65.09363636,0.620870783,0.008750078,NA,NA,NA,NA,NA,0
186,26,two,insect,1.403387029,4,yes,1,64.83636364,0.607754264,0.054554756,NA,NA,NA,NA,NA,0
187,27,two,insect,1.132637046,10,yes,1,65.72090909,0.57967084,0.042026197,NA,NA,NA,NA,NA,0
188,28,two,insect,0.559981297,5,yes,1,65.6335,0.532271092,0.061851697,NA,NA,NA,NA,NA,0
189,29,two,insect,0.235277756,3,yes,1,67.52318182,0.530420661,0.072540709,NA,NA,NA,NA,NA,0
190,30,two,insect,0.69888776,3,yes,1,68.06,0.574549065,0.040419893,NA,NA,NA,NA,NA,0
191,31,two,insect,1.576945823,3,yes,1,67.54,0.486810552,0.047157615,NA,NA,NA,NA,NA,0
192,32,two,insect,0.367442406,1,yes,1,67.99409091,0.406894397,0.051453347,NA,NA,NA,NA,NA,0
193,33,two,insect,6.032632071,4,yes,1,64.99727273,0.57984173,0.024055888,NA,NA,NA,NA,NA,0
194,34,two,insect,1.710999126,3,yes,1,68.22636364,0.542548322,0.045184816,NA,NA,NA,NA,NA,0
195,35,two,insect,7.061308392,4,yes,1,67.13545455,0.644468632,0.104206066,NA,NA,NA,NA,NA,0
196,36,two,insect,0,0,no,0,66.06181818,0.664211778,0.058848343,NA,NA,NA,NA,NA,0
197,37,two,insect,5.527790468,1,yes,1,63.43954545,0.62831966,0.058469636,NA,NA,NA,NA,NA,0
198,38,two,insect,0.340297539,4,yes,1,62.229,0.582109235,0.035463932,NA,NA,NA,NA,NA,0
199,39,two,insect,1.03054571,2,yes,1,62.133,0.55221976,0.026948698,NA,NA,NA,NA,NA,0
200,40,two,insect,20.58009295,1,yes,1,63.02,0.660496571,0.111679388,NA,NA,NA,NA,NA,0
201,1,two,oak,0,0,no,0,65.065,0.373507275,0,NA,NA,NA,NA,NA,NA
202,2,two,oak,0.980488678,3,yes,1,66.35136364,0.298565401,0.033528528,NA,NA,NA,NA,NA,NA
203,3,two,oak,0.877044412,4,yes,1,66.48409091,0.285285473,0.039723662,NA,NA,NA,NA,NA,NA
204,4,two,oak,0,0,no,0,65.41363636,0.218246509,0.033593612,NA,NA,NA,NA,NA,NA
205,5,two,oak,0.171526249,3,yes,1,64.60136364,0.639165792,0.316175018,NA,NA,NA,NA,NA,NA
206,6,two,oak,0.779328077,7,yes,1,67.03681818,0.302118046,0.042326748,NA,NA,NA,NA,NA,NA
207,7,two,oak,0.039759609,2,yes,1,68.20727273,0.31450654,0.020217763,NA,NA,NA,NA,NA,NA
208,8,two,oak,1.057711831,8,yes,1,67.61227273,0.284643449,0.032357839,NA,NA,NA,NA,NA,NA
209,9,two,oak,0.645138527,3,yes,1,65.1885,0.647004831,0.231543074,NA,NA,NA,NA,NA,NA
210,10,two,oak,0,0,no,0,69.44727273,0.566509271,0.228256917,NA,NA,NA,NA,NA,NA
211,11,two,oak,0,0,no,0,69.59318182,0.363731352,0.02363478,NA,NA,NA,NA,NA,NA
212,12,two,oak,0,0,no,0,68.80863636,0.389287061,0.045110959,NA,NA,NA,NA,NA,NA
213,13,two,oak,0.378264874,2,yes,1,67.59681818,0.503872054,0.053607256,NA,NA,NA,NA,NA,NA
214,14,two,oak,0,0,no,0,68.85863636,0.6064217,0.125089814,NA,NA,NA,NA,NA,NA
215,15,two,oak,0,0,no,0,68.14590909,0.624744739,0.153946293,NA,NA,NA,NA,NA,NA
216,16,two,oak,0.327749554,6,yes,1,66.12136364,0.582108685,0.123490001,NA,NA,NA,NA,NA,NA
217,17,two,oak,2.25307521,4,yes,1,64.36181818,0.528169365,0.09306141,NA,NA,NA,NA,NA,NA
218,18,two,oak,3.583270296,4,yes,1,59.46090909,0.663812761,0.186518527,NA,NA,NA,NA,NA,NA
219,19,two,oak,4.79472801,6,yes,1,66.61954545,0.535794603,0.082274547,NA,NA,NA,NA,NA,NA
220,20,two,oak,2.247093156,4,yes,1,61.34227273,0.468502259,0.032697694,NA,NA,NA,NA,NA,NA
221,21,two,oak,1.190771264,6,yes,1,66.48727273,0.307045098,0.030027187,NA,NA,NA,NA,NA,NA
222,22,two,oak,2.879873388,11,yes,1,68.28136364,0.446256796,0.04112092,NA,NA,NA,NA,NA,NA
223,23,two,oak,7.153976696,9,yes,1,69.37681818,0.31265691,0.023640056,NA,NA,NA,NA,NA,NA
224,24,two,oak,8.831770859,5,yes,1,68.95727273,0.467372772,0.07305914,NA,NA,NA,NA,NA,NA
225,25,two,oak,1.116145118,8,yes,1,65.09363636,0.386579139,0.028649676,NA,NA,NA,NA,NA,NA
226,26,two,oak,1.403387029,4,yes,1,64.83636364,0.507880092,0.048001734,NA,NA,NA,NA,NA,NA
227,27,two,oak,1.132637046,10,yes,1,65.72090909,0.418449747,0.028733055,NA,NA,NA,NA,NA,NA
228,28,two,oak,0.559981297,5,yes,1,65.6335,0.425082716,0.029837667,NA,NA,NA,NA,NA,NA
229,29,two,oak,0.235277756,3,yes,1,67.52318182,0.31311971,0.040268607,NA,NA,NA,NA,NA,NA
230,30,two,oak,0.69888776,3,yes,1,68.06,0.3251081,0.032657324,NA,NA,NA,NA,NA,NA
231,31,two,oak,1.576945823,3,yes,1,67.54,0.336025481,0.035926866,NA,NA,NA,NA,NA,NA
232,32,two,oak,0.367442406,1,yes,1,67.99409091,0.671834902,0.277645618,NA,NA,NA,NA,NA,NA
233,33,two,oak,6.032632071,4,yes,1,64.99727273,0.379866993,0.030494769,NA,NA,NA,NA,NA,NA
234,34,two,oak,1.710999126,3,yes,1,68.22636364,0.421686169,0.04454826,NA,NA,NA,NA,NA,NA
235,35,two,oak,7.061308392,4,yes,1,67.13545455,0.675276116,0.326839171,NA,NA,NA,NA,NA,NA
236,36,two,oak,0,0,no,0,66.06181818,0.451905543,0.04721054,NA,NA,NA,NA,NA,NA
237,37,two,oak,5.527790468,1,yes,1,63.43954545,0.379550243,0.033382462,NA,NA,NA,NA,NA,NA
238,38,two,oak,0.340297539,4,yes,1,62.229,0.637361554,0.250227064,NA,NA,NA,NA,NA,NA
239,39,two,oak,1.03054571,2,yes,1,62.133,0.434346347,0.0883041,NA,NA,NA,NA,NA,NA
240,40,two,oak,20.58009295,1,yes,1,63.02,0.359475951,0.037820098,NA,NA,NA,NA,NA,NA
